tiktok-duyluandethuong	https://www.tiktok.com/@duyluandethuong/video/7683605021639904520
tiktok-duyluandethuong	https://www.tiktok.com/@duyluandethuong/video/7683595794565401863
tiktok-duyluandethuong	https://www.tiktok.com/@duyluandethuong/video/7683583479421865223
tiktok-duyluandethuong	https://www.tiktok.com/@duyluandethuong/video/7649083143126863125
tiktok-duyluandethuong	https://www.tiktok.com/@duyluandethuong/video/7643970795190078738
tiktok-dinhhanai	https://www.tiktok.com/@dinhhanai/video/7461257650701978887
tiktok-dinhhanai	https://www.tiktok.com/@dinhhanai/video/7385491501393939730
tiktok-dinhhanai	https://www.tiktok.com/@dinhhanai/video/7351032552355843346
tiktok-dinhhanai	https://www.tiktok.com/@dinhhanai/video/7390329529786567943
tiktok-dinhhanai	https://www.tiktok.com/@dinhhanai/video/7355387754374548754
tiktok-leduyhiep.aihub	https://www.tiktok.com/@leduyhiep.aihub/video/7595412800491539733
tiktok-leduyhiep.aihub	https://www.tiktok.com/@leduyhiep.aihub/video/7594306963253513493
tiktok-leduyhiep.aihub	https://www.tiktok.com/@leduyhiep.aihub/video/7669649991719243026
tiktok-leduyhiep.aihub	https://www.tiktok.com/@leduyhiep.aihub/video/7623616186823068944
tiktok-leduyhiep.aihub	https://www.tiktok.com/@leduyhiep.aihub/video/7657483363900558600
youtube-VarunMayya	https://www.youtube.com/shorts/lNTubupxkEM
youtube-VarunMayya	https://www.youtube.com/shorts/R2nesxy7uYU
youtube-VarunMayya	https://www.youtube.com/shorts/89BRVe0oqNM
youtube-VarunMayya	https://www.youtube.com/shorts/8Fhu4adL6YA
youtube-VarunMayya	https://www.youtube.com/shorts/GUshtVOHyok
youtube-VarunMayya	https://www.youtube.com/shorts/EC1xvU0v-Lw
youtube-JeffSu	https://www.youtube.com/shorts/QwwS7PxYpzo
youtube-JeffSu	https://www.youtube.com/shorts/BF2k_fKuCVM
youtube-JeffSu	https://www.youtube.com/shorts/S2v1eR3AKrk
youtube-JeffSu	https://www.youtube.com/shorts/3uAlmp6jmuE
youtube-JeffSu	https://www.youtube.com/shorts/sfwax2dVPvI
youtube-JeffSu	https://www.youtube.com/shorts/4yt4YiLXe1g
tiktokintl-tommythings	https://www.tiktok.com/@tommythings/video/7679412987274218753
tiktokintl-tommythings	https://www.tiktok.com/@tommythings/video/7600252263784975624
tiktokintl-tommythings	https://www.tiktok.com/@tommythings/video/7682998680244227346
tiktokintl-tommythings	https://www.tiktok.com/@tommythings/video/7605911750264818951
tiktokintl-tommythings	https://www.tiktok.com/@tommythings/video/7661174086344707336
tiktokintl-adam.digital	https://www.tiktok.com/@adam.digital/video/7677763689885519125
tiktokintl-adam.digital	https://www.tiktok.com/@adam.digital/video/7687946733048909077
tiktokintl-adam.digital	https://www.tiktok.com/@adam.digital/video/7680920415421893908
tiktokintl-adam.digital	https://www.tiktok.com/@adam.digital/video/7689813270567423252
tiktokintl-adam.digital	https://www.tiktok.com/@adam.digital/video/7672368411787250964
tiktokintl-brandnat	https://www.tiktok.com/@brandnat/video/7680530870259698964
tiktokintl-brandnat	https://www.tiktok.com/@brandnat/video/7644353449689107732
tiktokintl-brandnat	https://www.tiktok.com/@brandnat/video/7686477042241572117
tiktokintl-brandnat	https://www.tiktok.com/@brandnat/video/7662985354252766484
tiktokintl-brandnat	https://www.tiktok.com/@brandnat/video/7654129302484569364
